{
    "K": [1138.619905944717,   0.0,                   1591.228127314813,
          0.0,                  1138.758185611443,   1559.960760407807,
          0.0,                   0.0,                   1.0 ],
    "coeff": [-0.043808981431, 0.003412140129, -0.001393523372, 0.000230132020]
}
