{
    "x": -0.062794,
    "y": -0.041356,
    "z": -0.050010,
    "r_deg": 1.642560,
    "p_deg": -30.807080,
    "y_deg": -176.158007
}

